no;y;x1;x2;x3
1;0;1;0.464693186;0.53138892
2;0;0;0.072877357;0.802349541
3;0;0;0.874308754;0.479495186
4;0;1;0.198872806;0.177401563
5;0;1;0.534589759;0.397133345
6;0;0;0.105562191;0.814226993
7;0;1;0.383995017;0.941357076
8;0;1;0.747705925;0.173349934
9;0;1;0.695790998;0.3549408
10;0;1;0.098391772;0.705040041
11;0;0;0.611531793;0.95924092
12;0;0;0.020925254;0.42780141
13;0;0;0.649712249;0.135915318
14;0;1;0.97837807;0.813741239
15;0;0;0.842504459;0.80684496
16;0;1;0.842785842;0.908110355
17;0;0;0.387452163;0.703601887
18;0;1;0.793071102;0.45879652
19;0;1;0.406196559;0.081624413
20;0;0;0.253348905;0.730743972
21;0;1;0.419303989;0.932681515
22;0;1;0.495499533;0.035948292
23;0;0;0.858245957;0.107039443
24;0;1;0.732264854;0.396388928
25;0;0;0.974428491;0.152283743
26;0;0;0.10005491;0.113112228
27;0;0;0.832590837;0.286152202
28;0;0;0.450554178;0.581009722
29;0;0;0.850459136;0.141628385
30;0;1;0.569751544;0.49441734
31;0;0;0.961542514;0.360284397
32;0;0;0.729908489;0.407026431
33;0;1;0.283779509;0.281181986
34;0;0;0.739606498;0.425313429
35;0;0;0.070742576;0.46350159
36;0;1;0.900119547;0.829269655
37;0;1;0.133420573;0.359094253
38;0;1;0.555886078;0.438799046
39;0;0;0.600408033;0.007259715
40;0;1;0.132961039;0.968147911
41;0;0;0.509312337;0.337498083
42;0;1;0.367049908;0.028444199
43;1;1;0.003304547;0.35654273
44;0;1;0.04797986;0.640314553
45;0;1;0.88204845;0.286633578
46;0;1;0.82351704;0.982765205
47;0;1;0.413030901;0.082301334
48;0;0;0.921733218;0.128030818
49;0;0;0.477402933;0.263550981
50;0;1;0.474994424;0.212941627
51;0;1;0.657836067;0.94640283
52;0;0;0.163320454;0.345473791
53;0;1;0.095194371;0.405422623
54;0;0;0.861514792;0.536541352
55;0;0;0.23987917;0.275828688
56;0;0;0.555404132;0.405671409
57;0;0;0.849406595;0.435509188
58;0;0;0.349647581;0.322054159
59;0;1;0.975738595;0.003435689
60;0;1;0.86940553;0.972969074
61;1;0;0.754124051;0.11291259
62;0;1;0.22367342;0.548572195
63;0;0;0.769816465;0.727646906
64;0;0;0.874713584;0.86259456
65;0;0;0.043793108;0.6105437
66;0;1;0.199760707;0.001478096
67;0;0;0.853742358;0.324025955
68;0;0;0.652254128;0.870443281
69;1;1;0.869332019;0.506834459
70;0;0;0.813636587;0.905239951
71;0;1;0.361447638;0.986314765
72;0;0;0.090895846;0.314687066
73;0;1;0.57465529;0.012836308
74;0;0;0.654730414;0.411044481
75;0;0;0.822204776;0.774080926
76;0;0;0.455575515;0.952318838
77;0;1;0.984328898;0.726365775
78;1;1;0.750398378;0.516439159
79;0;0;0.133555687;0.733954831
80;0;1;0.215173513;0.850405664
81;0;1;0.848379538;0.818386216
82;0;0;0.465341185;0.721614006
83;0;1;0.91576779;0.441471767
84;0;0;0.916557738;0.437110368
85;0;0;0.819854584;0.835935265
86;0;1;0.566901158;0.385110654
87;0;0;0.615477161;0.674415433
88;0;1;0.79480029;0.077818546
89;0;0;0.439696549;0.828976715
90;0;0;0.399153744;0.016245473
91;0;0;0.565485285;0.112693231
92;0;0;0.151647832;0.491024513
93;0;0;0.807460845;0.682987053
94;0;1;0.495641366;0.606331759
95;0;1;0.140509183;0.897259658
96;0;1;0.110289279;0.307492891
97;0;1;0.110791063;0.542465555
98;0;0;0.004714279;0.73591677
99;0;0;0.238404355;0.156152101
100;0;1;0.878822879;0.682451541
101;0;1;0.077218657;0.88077949
102;0;1;0.13853856;0.366680133
103;0;0;0.047524575;0.033014413
104;0;0;0.033918873;0.519780053
105;0;1;0.916089018;0.112714397
106;0;1;0.840200394;0.902385278
107;0;0;0.178871416;0.219971669
108;0;0;0.495267945;0.623476501
109;0;0;0.306958527;0.363139717
110;0;1;0.274376962;0.788599854
111;0;1;0.128243855;0.953639275
112;0;1;0.429381913;0.686537296
113;0;1;0.695944964;0.010991664
114;0;0;0.335060718;0.957786793
115;0;0;0.701246433;0.498103309
116;0;0;0.840534915;0.995142823
117;0;0;0.882632007;0.41938979
118;0;1;0.76658935;0.16112688
119;0;0;0.322027628;0.757993699
120;0;0;0.042117008;0.322599776
121;0;1;0.892709922;0.618448045
122;0;1;0.638105145;0.593928179
123;0;0;0.554493116;0.048124834
124;0;0;0.766329948;0.393811999
125;0;0;0.096861294;0.311598119
126;0;1;0.748016488;0.432680422
127;0;0;0.875217988;0.359491006
128;0;1;0.007668596;0.746932843
129;0;0;0.934916985;0.952456215
130;0;0;0.406965658;0.219007093
131;0;1;0.78876339;0.826737035
132;0;1;0.976127625;0.027475642
133;0;0;0.333402546;0.947684551
134;0;0;0.787214821;0.978273666
135;0;1;0.089360916;0.81356647
136;1;1;0.043699902;0.668295188
137;0;1;0.514933738;0.297704187
138;0;1;0.048089328;0.853179753
139;1;1;0.089196128;0.846250321
140;0;1;0.688325522;0.377476619
141;0;1;0.034838534;0.867635845
142;0;1;0.430910924;0.537293541
143;0;1;0.759294051;0.577537084
144;0;0;0.831796955;0.015651956
145;0;0;0.382462517;0.911262489
146;0;1;0.615554819;0.63982575
147;0;0;0.34498665;0.554048932
148;0;0;0.532278774;0.680059362
149;0;1;0.260009107;0.939961824
150;0;0;0.572860622;0.182285688
151;0;1;0.905846678;0.444765886
152;0;1;0.566021879;0.298281368
153;0;1;0.056486818;0.451972153
154;0;0;0.102113745;0.910457347
155;0;0;0.328341856;0.774058116
156;1;1;0.990600507;0.680620293
157;0;0;0.714365339;0.629786544
158;0;1;0.078974184;0.400093509
159;0;0;0.614216449;0.054539655
160;0;0;0.493233673;0.64397479
161;0;0;0.269097655;0.219813041
162;0;0;0.293110863;0.089037284
163;0;1;0.4752783;0.130751209
164;0;0;0.964078546;0.879388509
165;0;1;0.423632102;0.652040252
166;1;1;0.844097096;0.028148058
167;0;0;0.953827351;0.131063068
168;0;0;0.286473525;0.157595142
169;0;0;0.540849398;0.473476129
170;0;1;0.581378318;0.750697881
171;0;0;0.256286894;0.840283919
172;0;1;0.878083968;0.875405561
173;0;1;0.882302388;0.011068757
174;0;1;0.987334685;0.002066641
175;0;0;0.101620901;0.44561095
176;0;0;0.618775002;0.726182851
177;0;1;0.70473377;0.794119045
178;0;1;0.148588431;0.633692966
179;0;1;0.890810592;0.163682308
180;0;1;0.1626703;0.485927835
181;1;1;0.12186647;0.748943128
182;0;0;0.977556857;0.26560335
183;0;0;0.627110265;0.758678108
184;0;1;0.01919943;0.196006852
185;0;1;0.829164145;0.377432001
186;0;1;0.998877475;0.56031892
187;1;0;0.868095516;0.452641473
188;0;1;0.396911075;0.886163087
189;0;1;0.936241783;0.588786631
190;0;1;0.324772896;0.068299279
191;0;1;0.972447562;0.130542241
192;0;1;0.562598454;0.146773063
193;0;0;0.579329038;0.860316695
194;0;0;0.824690354;0.949276015
195;0;1;0.198444478;0.896443296
196;0;0;0.618989635;0.113651731
197;0;1;0.224564615;0.793385952
198;0;0;0.02522373;0.004317772
199;0;1;0.756505125;0.69813991
200;0;0;0.638156945;0.506966485
201;0;1;0.057868913;0.269444103
202;0;0;0.673797813;0.634649809
203;0;0;0.691544771;0.997656602
204;1;1;0.74522896;0.505074344
205;0;0;0.124061871;0.933233
206;0;0;0.151171787;0.191208887
207;0;1;0.177430625;0.484762545
208;0;1;0.008869468;0.634125648
209;0;0;0.633788643;0.202303132
210;0;0;0.372750885;0.429601911
211;0;1;0.277720049;0.670688454
212;0;1;0.172508501;0.821587862
213;0;0;0.203711141;0.358691193
214;0;1;0.221870882;0.618271556
215;0;1;0.253431505;0.347069602
216;0;1;0.170097689;0.755966565
217;0;0;0.921676764;0.565426905
218;0;1;0.345313458;0.627588033
219;1;1;0.085109209;0.392214557
220;0;1;0.377817805;0.658381888
221;0;0;0.54334352;0.683106247
222;0;0;0.787010926;0.776325556
223;0;0;0.320313528;0.767656423
224;0;0;0.838038518;0.011093436
225;0;1;0.998470485;0.23081329
226;1;1;0.213442992;0.697714437
227;0;1;0.437296491;0.90394879
228;0;0;0.378729996;0.088952074
229;0;0;0.965576709;0.662700217
230;0;0;0.641116502;0.641757261
231;0;1;0.806135334;0.933884687
232;0;0;0.919062189;0.905703467
233;0;0;0.058622448;0.028259974
234;0;0;0.477642856;0.326966212
235;0;1;0.696882788;0.866350872
236;0;0;0.044671509;0.209497951
237;0;1;0.756854317;0.489857293
238;0;1;0.591673725;0.465626492
239;0;1;0.510140463;0.532063555
240;0;0;0.452601766;0.943565017
241;1;0;0.025481966;0.536258358
242;0;0;0.961843609;0.540247569
243;0;1;0.98762744;0.638817837
244;0;1;0.634359558;0.559129371
245;0;0;0.425541347;0.061127951
246;0;0;0.266625905;0.292383593
247;0;0;0.080569488;0.483624844
248;0;0;0.330141563;0.298862257
249;0;0;0.894050103;0.53375537
250;0;0;0.306675198;0.444380736
251;0;1;0.402423841;0.792672286
252;0;1;0.573791398;0.055983772
253;0;1;0.596988384;0.365029011
254;0;0;0.570017138;0.891417952
255;0;1;0.218071288;0.519239959
256;0;0;0.820126744;0.368640997
257;0;0;0.036655781;0.417562691
258;0;0;0.625582815;0.022696062
259;0;0;0.433478938;0.59048856
260;0;0;0.356926139;0.493035463
261;0;1;0.77366764;0.102907111
262;0;1;0.173452048;0.404790387
263;0;0;0.493208973;0.052468776
264;0;0;0.737188909;0.036567337
265;0;1;0.511001023;0.231096147
266;0;1;0.475086916;0.97980273
267;0;0;0.587899941;0.046293979
268;0;0;0.572537379;0.131950644
269;0;1;0.654917741;0.928440446
270;0;1;0.865125556;0.087940061
271;0;0;0.396846376;0.94258554
272;0;0;0.960116156;0.674114161
273;0;0;0.380877255;0.003828738
274;0;0;0.17008828;0.849251258
275;0;0;0.231604879;0.515590844
276;0;0;0.949920209;0.422349815
277;0;0;0.083508158;0.859611757
278;0;0;0.193044016;0.589908806
279;0;0;0.074695295;0.063867843
280;0;0;0.605016008;0.135187423
281;0;1;0.215842896;0.411114768
282;0;0;0.587987261;0.830281276
283;0;1;0.228897603;0.387132703
284;0;1;0.390925179;0.622795259
285;0;0;0.347905913;0.605272445
286;0;0;0.918379402;0.540227036
287;0;0;0.112039124;0.584369491
288;0;0;0.254976144;0.772804729
289;0;0;0.18662407;0.698219557
290;0;0;0.745543523;0.696656298
291;0;0;0.932968782;0.977512172
292;0;0;0.494711894;0.231927046
293;0;0;0.644993681;0.857306067
294;0;1;0.175802587;0.684704521
295;0;0;0.602994646;0.300191495
296;1;1;0.887757666;0.161221432
297;0;1;0.490209404;0.767234371
298;0;0;0.018383573;0.987111633
299;0;0;0.179390792;0.858097431
300;0;0;0.299391138;0.676069807
301;0;1;0.276964061;0.811714573
302;0;1;0.061609424;0.485714763
303;0;0;0.355321348;0.460572879
304;0;0;0.577037754;0.311910334
305;0;0;0.535031558;0.020581639
306;0;0;0.60427283;0.412714945
307;0;1;0.486148978;0.979999884
308;0;0;0.131626568;0.135402775
309;0;1;0.964570049;0.730675937
310;0;0;0.742461576;0.525304057
311;0;0;0.366839385;0.961599416
312;0;0;0.150825295;0.720230342
313;0;0;0.226939673;0.910616386
314;1;1;0.745116809;0.303850163
315;1;1;0.050592378;0.628667964
316;0;0;0.593993297;0.208237443
317;0;0;0.158368042;0.850498703
318;0;0;0.762780725;0.051622653
319;0;0;0.995281065;0.763275923
320;0;1;0.173998111;0.715289933
321;0;1;0.619130823;0.767757193
322;0;1;0.537983174;0.630728457
323;0;0;0.818258262;0.81652354
324;0;0;0.321746907;0.416317787
325;0;1;0.582326937;0.937721627
326;0;1;0.070932379;0.290783273
327;0;1;0.570644013;0.114016148
328;0;1;0.560677251;0.601935897
329;0;1;0.434170939;0.025367459
330;0;0;0.961948785;0.084533108
331;0;1;0.711271684;0.333610649
332;1;1;0.258469532;0.070408669
333;0;0;0.925677538;0.705079848
334;0;0;0.420811663;0.074199504
335;0;1;0.816300746;0.325013779
336;0;0;0.754665048;0.358941921
337;0;0;0.412143304;0.388332617
338;0;0;0.514416832;0.785443371
339;0;0;0.542284718;0.60434824
340;0;1;0.974024304;0.762589753
341;0;1;0.073637955;0.235860443
342;0;1;0.769503805;0.285984677
343;0;0;0.872554909;0.317556669
344;0;1;0.989865585;0.921906708
345;0;0;0.965147644;0.450436822
346;0;1;0.636421319;0.125947901
347;0;0;0.065389294;0.143986092
348;0;0;0.128414755;0.004204793
349;0;0;0.49278478;0.975288923
350;0;0;0.66324486;0.231763274
351;0;1;0.189378714;0.038202837
352;0;0;0.177598393;0.563256986
353;0;0;0.115560326;0.818462959
354;0;1;0.1569524;0.039956345
355;0;0;0.85741085;0.03011934
356;0;1;0.424860532;0.881957838
357;0;0;0.878341671;0.096223074
358;0;1;0.824826564;0.886290009
359;0;0;0.978819617;0.879959146
360;0;1;0.634543016;0.835876102
361;0;0;0.691523276;0.557243729
362;0;0;0.792183339;0.467326634
363;0;0;0.034170646;0.764113969
364;0;1;0.819993681;0.876213285
365;0;0;0.687636163;0.701952431
366;0;1;0.431776892;0.686798665
367;1;1;0.243875787;0.636870402
368;0;0;0.008147703;0.831182508
369;0;1;0.421106143;0.36510155
370;0;1;0.430653251;0.570556979
371;0;0;0.595592123;0.630152242
372;0;0;0.984963059;0.6149526
373;0;1;0.528043456;0.03681897
374;0;1;0.523278418;0.017285816
375;0;0;0.786444805;0.068011864
376;0;0;0.087722409;0.295271992
377;0;0;0.256111981;0.126704038
378;0;0;0.35660412;0.844714725
379;0;1;0.249055458;0.582892629
380;0;0;0.175018488;0.540331789
381;0;0;0.572922081;0.56440988
382;0;0;0.483393148;0.111477637
383;0;1;0.809948969;0.503265196
384;0;1;0.750515234;0.168936401
385;0;1;0.347443798;0.330436418
386;0;0;0.806874484;0.289174647
387;0;0;0.251764228;0.871861712
388;0;1;0.592963554;0.983075922
389;1;1;0.156215733;0.44973988
390;0;0;0.175159652;0.428737231
391;0;1;0.226377301;0.298711735
392;0;0;0.791963252;0.259549332
393;0;0;0.38837648;0.793350586
394;0;1;0.911222033;0.018193165
395;0;1;0.121847051;0.034577911
396;0;0;0.987835157;0.028594021
397;0;0;0.755287921;0.568425016
398;0;1;0.310775834;0.889193501
399;0;0;0.019865358;0.554856961
400;0;0;0.682283061;0.197323455
401;0;0;0.438736067;0.792430558
402;0;1;0.883700705;0.947512934
403;0;0;0.074243786;0.071240221
404;0;1;0.453669556;0.371038995
405;0;1;0.888036271;0.669765127
406;0;1;0.700159242;0.051740733
407;0;1;0.304615611;0.749893881
408;0;0;0.584890802;0.985846242
409;0;1;0.87045377;0.273909658
410;0;0;0.446523559;0.139519652
411;0;1;0.33737304;0.976404243
412;0;1;0.566908609;0.306301632
413;0;0;0.415764982;0.569424113
414;0;1;0.832660665;0.538207527
415;0;1;0.153707588;0.961459274
416;0;1;0.658649043;0.452176122
417;0;0;0.001026819;0.37867098
418;0;0;0.320450929;0.064423084
419;0;0;0.950132881;0.671025673
420;0;1;0.01255251;0.065447106
421;0;1;0.079090765;0.201968907
422;0;0;0.213288371;0.918583245
423;0;1;0.994843259;0.95688528
424;0;1;0.492039588;0.239341634
425;0;0;0.627634118;0.406939329
426;0;0;0.005961335;0.796147288
427;0;0;0.285853999;0.880628596
428;0;0;0.986480417;0.956159169
429;0;1;0.757692325;0.627194221
430;0;1;0.068274991;0.217940803
431;0;1;0.810763979;0.525597776
432;0;1;0.122871407;0.239814594
433;0;0;0.409918361;0.940649811
434;0;0;0.927543645;0.023136063
435;0;1;0.554208239;0.63471233
436;0;0;0.014266614;0.971275343
437;0;1;0.967365281;0.107324537
438;0;1;0.770065533;0.22476257
439;0;0;0.079952413;0.146222742
440;0;0;0.365419848;0.352731726
441;0;1;0.480426545;0.333441156
442;0;0;0.675760692;0.086290895
443;0;0;0.786447251;0.97114906
444;0;1;0.810058057;0.770943658
445;0;1;0.078677504;0.030109913
446;0;0;0.168914441;0.946407521
447;0;0;0.036732794;0.471443838
448;1;0;0.240142309;0.589938756
449;1;1;0.912195182;0.98722024
450;0;0;0.00136348;0.344388372
451;0;0;0.227300448;0.661874795
452;0;1;0.168262932;0.0475012
453;0;0;0.149762515;0.880997016
454;0;0;0.648097161;0.931980005
455;0;0;0.485572549;0.954913745
456;0;0;0.693244319;0.755370357
457;0;1;0.289669457;0.828554753
458;0;1;0.97867166;0.483656922
459;0;1;0.288126329;0.725421864
460;0;1;0.525764521;0.885771848
461;0;0;0.07782227;0.062430157
462;0;0;0.678553835;0.902944784
463;0;0;0.181949717;0.028252077
464;0;0;0.529804455;0.321962855
465;0;0;0.801678829;0.128149378
466;0;0;0.313187196;0.110141914
467;0;1;0.691273412;0.51334224
468;1;1;0.773044523;0.832293161
469;0;0;0.261793633;0.445708967
470;0;0;0.678760153;0.755911492
471;0;1;0.992143296;0.899729525
472;0;0;0.55148752;0.308047227
473;0;1;0.930684474;0.556854023
474;0;1;0.207404345;0.999194679
475;0;0;0.229959039;0.202094245
476;0;0;0.483986589;0.005399961
477;0;0;0.461059394;0.304086372
478;0;1;0.782721357;0.496753415
479;0;0;0.000605266;0.028377163
480;0;0;0.75062338;0.87260267
481;0;1;0.830732438;0.934078646
482;0;1;0.314671236;0.930875941
483;0;0;0.71203316;0.046528774
484;0;1;0.251711549;0.835429356
485;0;1;0.309347498;0.835889536
486;1;1;0.98675322;0.558966833
487;0;1;0.423095647;0.881150518
488;0;0;0.852890213;0.784917331
489;0;0;0.534399917;0.904405735
490;0;1;0.548177516;0.711434806
491;1;0;0.845543979;0.575503983
492;0;0;0.37702908;0.489072587
493;0;1;0.166043679;0.204282115
494;0;0;0.189248029;0.190222957
495;0;0;0.856867816;0.838384619
496;0;0;0.337503235;0.888053905
497;0;0;0.775028235;0.567778264
498;0;0;0.069070202;0.362700476
499;0;1;0.240949266;0.231114051
500;0;1;0.242801838;0.384228762
501;0;0;0.387112989;0.572439995
502;0;1;0.871805021;0.599919137
503;0;1;0.967197048;0.794454609
504;0;1;0.866916271;0.50458693
505;0;1;0.437715302;0.540151956
506;0;0;0.191937792;0.024089622
507;0;1;0.082294405;0.777229169
508;0;0;0.583451638;0.334934894
509;0;1;0.070361495;0.468478092
510;0;1;0.527662656;0.729831202
511;0;1;0.472288285;0.744718986
512;0;1;0.048191371;0.8908038
513;0;0;0.594540808;0.300632367
514;0;0;0.791271215;0.10189852
515;0;1;0.598868684;0.190689533
516;0;1;0.027915929;0.25766668
517;0;0;0.395726632;0.272624538
518;0;1;0.106243965;0.007279515
519;0;1;0.024111388;0.917906358
520;0;0;0.840897768;0.840508166
521;0;1;0.326399926;0.377059336
522;0;1;0.294297647;0.502039992
523;0;1;0.82289798;0.332168675
524;0;0;0.414347425;0.785535226
525;0;0;0.010171223;0.78162494
526;0;0;0.052408389;0.286652231
527;0;1;0.730370381;0.387615817
528;0;1;0.073394947;0.584658699
529;0;1;0.070356627;0.994150223
530;0;1;0.637171967;0.835735886
531;0;1;0.413305871;0.726855343
532;0;1;0.430717831;0.40742995
533;0;0;0.080246371;0.958526353
534;0;0;0.277116679;0.801964901
535;0;0;0.794071019;0.704851951
536;0;0;0.091097466;0.743434723
537;0;0;0.276682178;0.041161684
538;0;0;0.136255458;0.055853186
539;0;0;0.663476095;0.896790414
540;0;0;0.979130022;0.621500159
541;0;1;0.211811334;0.715610913
542;0;0;0.372026984;0.006459725
543;0;1;0.118364717;0.150810371
544;0;1;0.782723809;0.390337652
545;0;0;0.065578214;0.714161876
546;0;0;0.783775092;0.2903256
547;0;0;0.123852212;0.837331551
548;0;1;0.777341672;0.809496423
549;0;0;0.361349073;0.181867694
550;0;1;0.615930011;0.615423774
551;0;1;0.917042729;0.098172071
552;0;1;0.1052201;0.275179565
553;0;1;0.715545794;0.780145776
554;0;0;0.156366555;0.437542198
555;0;1;0.261575721;0.221972281
556;1;1;0.773791368;0.573065859
557;0;0;0.594759071;0.780486597
558;0;0;0.095376717;0.155522431
559;0;0;0.158467934;0.847129767
560;0;1;0.701090715;0.248301811
561;0;1;0.269182726;0.802099083
562;0;1;0.296830064;0.106990375
563;0;0;0.562665292;0.579044284
564;0;0;0.345176512;0.062389618
565;0;1;0.996363311;0.090718287
566;0;1;0.214889628;0.299951496
567;0;1;0.590747198;0.640830153
568;0;0;0.408991047;0.492609066
569;0;1;0.539928928;0.55531418
570;0;0;0.809806878;0.47760078
571;0;1;0.010653143;0.202225509
572;0;0;0.674989556;0.680054667
573;0;0;0.880181554;0.434385749
574;0;0;0.408088766;0.252121421
575;0;0;0.894052135;0.14642827
576;0;1;0.807851314;0.622130994
577;0;1;0.052268423;0.579677405
578;0;1;0.951139469;0.556677608
579;0;0;0.498940352;0.024348846
580;0;1;0.497459184;0.354189245
581;1;1;0.20122201;0.377888964
582;0;0;0.680997319;0.025891915
583;0;1;0.547304184;0.67642734
584;0;1;0.60957774;0.055056964
585;0;0;0.308182996;0.043264718
586;0;1;0.164061165;0.005532211
587;0;0;0.847399726;0.206780817
588;0;0;0.177070725;0.913408517
589;0;1;0.586210726;0.341096193
590;0;1;0.97255655;0.359174566
591;0;1;0.534099314;0.866259584
592;0;1;0.810916255;0.973590466
593;0;0;0.650906511;0.980258395
594;0;1;0.770981107;0.072712372
595;0;1;0.034558315;0.461705907
596;0;1;0.558660281;0.930817308
597;0;1;0.120087367;0.130190585
598;0;0;0.686299628;0.859063123
599;0;0;0.914125661;0.520018735
600;0;0;0.56034976;0.224378656
601;0;0;0.575576045;0.427132411
602;0;1;0.516750155;0.762412855
603;0;1;0.658048582;0.593828304
604;0;0;0.58839658;0.719509371
605;0;1;0.07992458;0.284091336
606;0;1;0.156136253;0.441674972
607;0;1;0.985081367;0.751388352
608;0;0;0.991829797;0.934092342
609;0;0;0.294756191;0.071413339
610;0;1;0.788712465;0.389918048
611;0;0;0.686831065;0.127625434
612;0;1;0.400826663;0.978706541
613;0;0;0.396841136;0.161171129
614;0;1;0.887413941;0.115898979
615;0;1;0.822078096;0.786069729
616;0;1;0.26524504;0.905293548
617;0;0;0.181170874;0.599870102
618;0;0;0.956474067;0.300136657
619;0;0;0.837399842;0.226046128
620;0;1;0.346652632;0.638424048
621;0;0;0.842086442;0.279024854
622;0;1;0.010130183;0.471430474
623;0;0;0.214541924;0.922835613
624;0;1;0.913734979;0.447039629
625;0;0;0.048655345;0.176126699
626;0;0;0.871230944;0.464907582
627;0;1;0.655788006;0.867136771
628;0;0;0.219371878;0.820635311
629;0;1;0.009437143;0.945926673
630;0;0;0.079214495;0.512540389
631;0;1;0.767450852;0.10522635
632;0;1;0.033287856;0.912915702
633;0;0;0.774952064;0.948928598
634;0;0;0.39395963;0.545180876
635;0;1;0.784817259;0.412231551
636;1;0;0.033332296;0.569187723
637;0;0;0.366151578;0.935180361
638;0;0;0.20768844;0.478674575
639;0;0;0.965912538;0.444759102
640;0;1;0.564966007;0.33550654
641;0;1;0.441115952;0.061969873
642;0;1;0.803868117;0.582350988
643;0;0;0.165633278;0.172415588
644;0;1;0.206118562;0.839626242
645;0;0;0.348586678;0.281323126
646;0;1;0.450814908;0.792136813
647;0;0;0.103176733;0.729115833
648;0;0;0.600618462;0.840376284
649;0;1;0.100577908;0.494808007
650;0;1;0.957186109;0.958429436
651;0;1;0.580974439;0.076831438
652;0;1;0.16889438;0.639469825
653;0;1;0.518571133;0.847690367
654;0;0;0.05432284;0.56187563
655;0;0;0.295023273;0.583870523
656;0;1;0.03247447;0.939763182
657;0;0;0.413448405;0.304402522
658;0;0;0.710804732;0.474457393
659;0;1;0.438294217;0.82945703
660;0;1;0.476030351;0.156674725
661;0;1;0.379704722;0.931832062
662;0;0;0.779968343;0.185956565
663;0;1;0.961577203;0.292823453
664;0;0;0.443998414;0.25639016
665;0;1;0.276576519;0.110538739
666;0;0;0.652874942;0.07581713
667;0;1;0.754724035;0.038526447
668;0;1;0.588706382;0.921931522
669;0;0;0.366898071;0.73441133
670;0;0;0.509391026;0.276294295
671;0;1;0.144229114;0.35153031
672;0;1;0.266654536;0.868423912
673;0;1;0.173820913;0.770549262
674;1;1;0.896527295;0.991439096
675;0;1;0.562343133;0.977680685
676;0;1;0.342454318;0.343368733
677;0;0;0.28372968;0.893299239
678;0;0;0.747538483;0.644349195
679;0;0;0.562850195;0.29405735
680;0;0;0.565385995;0.282546579
681;0;0;0.633331829;0.055148402
682;0;1;0.962586592;0.998245501
683;1;1;0.768941204;0.96060972
684;0;0;0.761524177;0.140312852
685;0;1;0.152722148;0.956602332
686;0;1;0.367797968;0.274365369
687;0;1;0.913615794;0.232670544
688;0;0;0.496350147;0.807741239
689;0;0;0.027734727;0.927309013
690;0;0;0.450139385;0.824116224
691;0;1;0.027187718;0.852797179
692;0;0;0.01827093;0.847243186
693;1;1;0.871962479;0.787992113
694;0;1;0.955188889;0.730053582
695;0;1;0.892738419;0.286808315
696;0;0;0.856308729;0.728469291
697;0;1;0.123533075;0.547037805
698;0;1;0.221654739;0.185957585
699;0;0;0.690272178;0.353126358
700;0;1;0.648772126;0.674378332
701;0;0;0.091445192;0.820698643
702;0;1;0.595569585;0.35393722
703;0;1;0.944378238;0.415153438
704;0;1;0.128657653;0.997745631
705;0;1;0.524701889;0.868331929
706;0;1;0.931875708;0.768035771
707;0;0;0.441982066;0.506533621
708;0;0;0.401971613;0.799691255
709;0;1;0.3655225;0.126471027
710;0;1;0.572829977;0.013221192
711;0;1;0.106167401;0.857732499
712;0;1;0.657213832;0.092177655
713;0;0;0.800479158;0.627211139
714;0;0;0.160081139;0.164368582
715;0;1;0.499149806;0.256299218
716;0;0;0.138865773;0.278576381
717;0;0;0.68859821;0.217877136
718;0;0;0.480641926;0.285013139
719;0;0;0.207812875;0.170079083
720;0;0;0.717721336;0.740095858
721;0;1;0.333421071;0.490103221
722;0;0;0.529427384;0.406209272
723;0;1;0.593498749;0.885154942
724;0;1;0.759889012;0.382631018
725;0;1;0.039695909;0.762672176
726;0;0;0.631179952;0.882890817
727;1;1;0.170349805;0.331475716
728;0;0;0.707256586;0.017474827
729;0;1;0.264722275;0.78102537
730;0;0;0.080322446;0.470790861
731;0;0;0.71320727;0.05033449
732;0;1;0.750814122;0.806041994
733;0;1;0.170225526;0.749882016
734;0;1;0.21482216;0.858747135
735;0;0;0.13685529;0.915809215
736;0;1;0.320704787;0.41845301
737;0;0;0.659653313;0.848111724
738;0;0;0.458246603;0.332284449
739;0;1;0.221783839;0.272305247
740;0;0;0.049691616;0.361266534
741;0;0;0.842967495;0.289761926
742;0;0;0.460355977;0.333205587
743;0;1;0.044669064;0.389244145
744;0;1;0.33002011;0.335560647
745;0;0;0.350482023;0.10902903
746;0;0;0.236220999;0.087896956
747;0;0;0.209322826;0.904485721
748;0;0;0.289584969;0.422072265
749;0;1;0.299830043;0.030896788
750;0;0;0.893524004;0.592552593
751;0;1;0.762660629;0.440376073
752;0;0;0.104029369;0.288693242
753;0;1;0.758669548;0.427234516
754;0;1;0.414733786;0.132784376
755;0;0;0.221035677;0.468888859
756;0;0;0.0067187;0.051483632
757;0;0;0.030250543;0.48353481
758;0;0;0.250101837;0.349073186
759;0;0;0.220494979;0.87794376
760;0;1;0.308080992;0.957522455
761;0;0;0.908892584;0.327358053
762;0;1;0.938502774;0.288251393
763;0;0;0.491904605;0.974585212
764;0;1;0.168020266;0.262172886
765;0;0;0.188894553;0.806365066
766;0;0;0.191555222;0.997293637
767;0;0;0.503481938;0.858123119
768;0;1;0.081112154;0.025158697
769;0;1;0.794696551;0.038935452
770;0;1;0.57134723;0.556668482
771;0;1;0.967687886;0.21966027
772;0;0;0.875768769;0.74681444
773;0;1;0.70585316;0.548451942
774;0;0;0.115354678;0.316101831
775;0;1;0.160992347;0.198190841
776;0;1;0.335154335;0.881732021
777;0;0;0.988609185;0.161363871
778;0;0;0.914078943;0.789716308
779;0;1;0.53509718;0.921758248
780;0;0;0.246893693;0.521260639
781;0;1;0.922346818;0.020364383
782;0;1;0.753489617;0.12153525
783;0;1;0.903507313;0.220305431
784;1;1;0.651548156;0.626784959
785;0;0;0.020779163;0.716503412
786;0;1;0.095879028;0.374187415
787;0;0;0.949586964;0.430000867
788;0;1;0.888176589;0.187822166
789;0;0;0.456233991;0.170680982
790;0;0;0.786743861;0.560121855
791;0;0;0.201026757;0.952005691
792;0;0;0.312703201;0.718828026
793;0;0;0.529761809;0.611078579
794;1;1;0.182999437;0.46844997
795;0;0;0.532405641;0.025951432
796;0;1;0.348113586;0.801994698
797;0;1;0.510248162;0.329534132
798;0;0;0.792195686;0.006018908
799;0;1;0.441210551;0.94285027
800;0;1;0.286292244;0.769887713
801;0;0;0.933560323;0.976159377
802;1;1;0.030451065;0.023522728
803;0;0;0.848985601;0.748254964
804;0;1;0.44318272;0.612767341
805;0;1;0.632075233;0.512801431
806;0;0;0.779914357;0.874437239
807;0;1;0.280473913;0.013281904
808;0;0;0.123204057;0.55549566
809;0;1;0.893433187;0.92409658
810;0;0;0.405973302;0.535429883
811;0;0;0.755108231;0.22784925
812;0;0;0.110817262;0.004267239
813;0;0;0.338309314;0.674742006
814;0;0;0.546493191;0.111760106
815;0;1;0.312132047;0.114785871
816;0;0;0.447294557;0.773117371
817;0;1;0.404281071;0.725970957
818;0;1;0.486564261;0.078397578
819;0;1;0.439168035;0.005108485
820;0;0;0.266863627;0.455259999
821;1;1;0.651877837;0.989025635
822;0;0;0.239049473;0.619448245
823;0;1;0.813315623;0.237372878
824;0;1;0.808244503;0.36166464
825;0;1;0.589044748;0.742622323
826;0;1;0.54186686;0.197317336
827;0;0;0.046547611;0.026214233
828;0;0;0.425855691;0.071983973
829;0;0;0.640639821;0.581832582
830;0;0;0.000656348;0.604207065
831;0;1;0.866388361;0.982604904
832;0;1;0.101045171;0.028237122
833;0;1;0.095739741;0.862138819
834;0;1;0.777240371;0.177422811
835;0;1;0.029511411;0.659622747
836;0;0;0.34207188;0.455581671
837;0;1;0.786315874;0.315793792
838;0;0;0.113462526;0.167213704
839;0;1;0.350252757;0.429882332
840;0;1;0.330213882;0.435299003
841;0;1;0.69667667;0.998813308
842;0;1;0.353614302;0.805156204
843;0;0;0.406179068;0.336911371
844;0;0;0.308029899;0.50721997
845;0;0;0.959202935;0.290489595
846;0;0;0.690268853;0.554588325
847;0;0;0.885739511;0.265910959
848;0;0;0.93585514;0.945077045
849;0;1;0.744079902;0.126765631
850;0;1;0.838446157;0.455688889
851;0;0;0.799356784;0.654302527
852;1;1;0.893640292;0.612352547
853;0;1;0.831137003;0.568944267
854;0;0;0.370750101;0.023632943
855;0;1;0.871979766;0.883386893
856;0;0;0.800761597;0.512261637
857;0;0;0.177284544;0.670730008
858;0;0;0.163277693;0.223625832
859;0;1;0.944489105;0.102729415
860;0;0;0.444637601;0.077978025
861;0;0;0.07839259;0.375896578
862;0;0;0.985571624;0.841916731
863;0;0;0.015838218;0.538620323
864;0;1;0.494882507;0.491406876
865;0;0;0.426626244;0.987831338
866;0;0;0.380065434;0.827752581
867;0;0;0.736944383;0.146671165
868;0;0;0.279538352;0.181809379
869;0;1;0.656283872;0.407244703
870;0;1;0.779726103;0.008148348
871;0;0;0.722052506;0.786297708
872;0;0;0.982406044;0.564716395
873;0;1;0.543322717;0.265264114
874;0;1;0.659887839;0.827212976
875;0;0;0.275039361;0.324715558
876;0;0;0.396944125;0.994529931
877;0;0;0.559184579;0.239496344
878;0;0;0.980950295;0.812511945
879;0;0;0.964966776;0.036619544
880;0;1;0.218039868;0.855527029
881;0;1;0.39317087;0.001161998
882;0;0;0.734231251;0.269030461
883;0;1;0.691588863;0.461208983
884;0;1;0.336751537;0.637901386
885;0;1;0.690481674;0.097352838
886;0;0;0.153450242;0.317276555
887;0;1;0.890398808;0.575807736
888;0;1;0.888446029;0.663508058
889;1;1;0.138003347;0.791351313
890;0;1;0.035949216;0.11829381
891;0;0;0.35501715;0.231169059
892;0;0;0.378946078;0.350582032
893;0;0;0.614776698;0.458335949
894;0;0;0.506189441;0.072190977
895;0;0;0.337955133;0.243369072
896;0;0;0.329129653;0.518254502
897;0;0;0.573297038;0.501254439
898;1;1;0.050710044;0.674529788
899;0;0;0.400962987;0.199540129
900;0;0;0.260631044;0.522952783
901;0;0;0.168699684;0.246978639
902;0;1;0.059731006;0.26151105
903;0;1;0.052582136;0.801221818
904;0;0;0.972770248;0.405676354
905;0;0;0.79460759;0.266299675
906;0;0;0.031667702;0.050201542
907;0;0;0.543284805;0.811852452
908;0;0;0.017597033;0.411933311
909;0;0;0.776669898;0.589451455
910;0;0;0.757301493;0.03790204
911;0;0;0.010548147;0.287367034
912;0;1;0.817914082;0.493830243
913;0;1;0.856345877;0.291815681
914;0;1;0.422309698;0.960031081
915;0;0;0.634295705;0.62948784
916;0;0;0.418075026;0.759347913
917;0;0;0.32466435;0.225582466
918;0;0;0.765787226;0.930699283
919;0;1;0.704655513;0.878018417
920;0;1;0.919051357;0.911954281
921;0;1;0.610136551;0.390361217
922;0;0;0.05585486;0.37071591
923;0;1;0.736152135;0.292225106
924;0;1;0.903967918;0.641883825
925;0;0;0.70181488;0.389997333
926;1;1;0.577699508;0.033800093
927;0;1;0.565839251;0.583980186
928;0;1;0.367175506;0.81427959
929;1;0;0.55692171;0.572280898
930;0;1;0.89709017;0.236031975
931;0;0;0.272230607;0.11363135
932;0;1;0.826333165;0.826521859
933;0;1;0.675995663;0.939973019
934;0;0;0.899366909;0.030661622
935;0;0;0.296659813;0.041125383
936;1;1;0.385464417;0.874309755
937;0;1;0.905349677;0.352220267
938;0;1;0.781176411;0.307485261
939;0;0;0.542550918;0.871181886
940;0;1;0.826008493;0.92305116
941;0;0;0.925736116;0.49025281
942;0;0;0.302508435;0.492284961
943;0;1;0.363235214;0.185023497
944;0;0;0.96056095;0.261712846
945;0;0;0.419576285;0.348247225
946;0;0;0.564239503;0.690853481
947;0;0;0.800476333;0.14037231
948;0;1;0.478194959;0.476776043
949;1;1;0.871663533;0.83261981
950;0;1;0.701587425;0.265586382
951;0;1;0.128366638;0.775234733
952;0;0;0.651633565;0.185494924
953;0;0;0.799508373;0.390233528
954;0;1;0.240165151;0.992025062
955;0;1;0.863995333;0.146795925
956;0;1;0.478794857;0.171145767
957;0;0;0.329741616;0.132664275
958;1;1;0.995425616;0.711970829
959;0;0;0.759542214;0.91185175
960;0;0;0.471064957;0.416281844
961;0;0;0.25758437;0.784835475
962;0;0;0.383511228;0.154373487
963;0;0;0.297953612;0.012291918
964;0;0;0.768626284;0.082235445
965;0;1;0.429740473;0.519093003
966;0;0;0.655966898;0.445089288
967;0;0;0.242656881;0.994216379
968;0;0;0.2951846;0.079855441
969;0;1;0.929919362;0.154718979
970;0;1;0.139465736;0.06729615
971;0;1;0.48236118;0.042656872
972;0;1;0.801725709;0.753689459
973;0;1;0.335298123;0.012162595
974;0;0;0.547300928;0.406420857
975;0;1;0.050613764;0.411652811
976;0;0;0.685184835;0.977203529
977;0;0;0.526016569;0.221406818
978;0;0;0.385401464;0.736711107
979;0;1;0.218078168;0.823753195
980;0;1;0.049256036;0.950343936
981;0;1;0.338603851;0.098523869
982;0;0;0.52754284;0.69241895
983;0;0;0.360099534;0.284226387
984;0;1;0.991589037;0.801075034
985;0;0;0.046358113;0.831794715
986;0;0;0.071901894;0.679838558
987;0;0;0.67636723;0.416039432
988;0;1;0.162359613;0.343821749
989;0;0;0.580373793;0.296874677
990;0;1;0.090765854;0.822133605
991;0;1;0.656099161;0.500879856
992;0;0;0.357506583;0.496786301
993;0;0;0.194491352;0.364361932
994;0;1;0.681934159;0.849381481
995;0;0;0.030555;0.313532576
996;0;0;0.439074042;0.212108395
997;0;1;0.973690321;0.585793459
998;0;1;0.41259327;0.842366851
999;0;0;0.919769866;0.125383908
1000;0;0;0.098763876;0.377530384
1001;0;0;0.32066701;0.671603712
1002;0;1;0.526019062;0.18776846
1003;1;1;0.073335425;0.504759024
1004;0;0;0.849741752;0.027286847
1005;0;1;0.423058009;0.496297851
1006;0;0;0.988096073;0.947351711
1007;0;0;0.478874129;0.381182134
1008;0;1;0.905694006;0.698213726
1009;0;1;0.018505931;0.688765808
1010;0;1;0.192143822;0.477730677
1011;0;1;0.384307021;0.273347614
1012;0;1;0.307436424;0.756916332
1013;0;1;0.528291253;0.247532061
1014;0;0;0.728225682;0.521339483
1015;0;1;0.953556534;0.612843241
1016;0;0;0.495994127;0.095049976
1017;0;1;0.132017247;0.565758764
1018;0;1;0.608468756;0.016874162
1019;0;0;0.99186858;0.199878882
1020;0;0;0.094709668;0.417583801
1021;0;0;0.895283457;0.205506088
1022;0;0;0.334860898;0.377221407
1023;0;1;0.472178466;0.076451718
1024;0;0;0.17711797;0.144973996
1025;1;1;0.351655028;0.553591954
1026;0;0;0.176559116;0.661742561
1027;0;1;0.653045778;0.735647504
1028;0;1;0.236101077;0.376209418
1029;0;0;0.897164004;0.868757153
1030;0;0;0.339147608;0.795470047
1031;0;1;0.923796112;0.821803022
1032;0;1;0.497738853;0.901695312
1033;0;0;0.56984138;0.982507341
1034;0;0;0.736779739;0.26595108
1035;0;1;0.21482752;0.78709837
1036;0;1;0.305312758;0.19074703
1037;0;0;0.863499861;0.003749102
1038;0;0;0.195720054;0.556995859
1039;0;1;0.850945502;0.409749276
1040;0;1;0.946970958;0.9229488
1041;0;0;0.274561112;0.521063484
1042;0;0;0.83985605;0.041392598
1043;0;0;0.143855766;0.565851251
1044;0;1;0.757050371;0.20118258
1045;0;1;0.446126566;0.434714832
1046;0;0;0.955431776;0.237072054
1047;0;0;0.63532506;0.986860311
1048;0;1;0.164100987;0.646103183
1049;0;0;0.406969435;0.782384756
1050;0;0;0.979760027;0.99142155
1051;0;1;0.146939059;0.817141162
1052;0;0;0.889985185;0.321355053
1053;0;1;0.196703488;0.098005588
1054;0;0;0.620587072;0.334871635
1055;0;1;0.792540993;0.018853324
1056;0;1;0.733795537;0.044275124
1057;0;0;0.75172034;0.777206291
1058;0;1;0.524456359;0.148822395
1059;0;0;0.629951624;0.038475138
1060;0;1;0.455877245;0.778974671
1061;0;0;0.25400483;0.018195662
1062;0;0;0.057485993;0.228039027
1063;0;1;0.435303198;0.851047613
1064;0;1;0.77113498;0.313316457
1065;0;0;0.129155446;0.766042093
1066;0;1;0.983916263;0.362029436
1067;0;1;0.814176933;0.191251891
1068;1;0;0.981680901;0.475161755
1069;0;0;0.03633969;0.247648053
1070;0;1;0.567414059;0.947342509
1071;0;0;0.40171827;0.207135493
1072;0;0;0.457046318;0.893656603
1073;0;0;0.40332439;0.960227617
1074;0;1;0.572206482;0.977709687
1075;0;0;0.260250953;0.067777748
1076;0;1;0.874087563;0.031839583
1077;0;1;0.993087252;0.444838377
1078;0;1;0.930202218;0.321784554
1079;0;0;0.986528045;0.723255394
1080;0;0;0.658342666;0.851549894
1081;1;0;0.30238535;0.486613509
1082;0;0;0.867420182;0.380625841
1083;0;0;0.671259561;0.417846132
1084;0;1;0.489199621;0.624788138
1085;0;0;0.62858391;0.424331604
1086;1;1;0.690660071;0.25825031
1087;0;1;0.672291485;0.980154711
1088;0;1;0.882117749;0.030818067
1089;0;0;0.687738198;0.25746729
1090;0;1;0.999863459;0.113716734
1091;0;0;0.250536327;0.24266349
1092;0;0;0.478466553;0.971103052
1093;0;1;0.015100698;0.852232806
1094;0;0;0.252019783;0.39682049
1095;1;0;0.326658141;0.480092798
1096;0;1;0.672132012;0.963110517
1097;0;1;0.748441304;0.959673419
1098;0;0;0.342435504;0.807111314
1099;0;1;0.280259828;0.655493433
1100;0;1;0.737378114;0.758841523
1101;0;1;0.626969396;0.71088721
1102;0;1;0.633541706;0.947762156
1103;0;0;0.215981491;0.98118909
1104;0;0;0.905941029;0.055899523
1105;0;0;0.58624594;0.245401609
1106;0;0;0.168583859;0.270933811
1107;0;1;0.683197692;0.909149556
1108;0;0;0.113990663;0.377033543
1109;0;0;0.527885042;0.275055379
1110;0;1;0.941509603;0.178230444
1111;0;0;0.148946444;0.473112888
1112;0;0;0.589121524;0.398789879
1113;0;1;0.87827645;0.131660763
1114;0;0;0.178157207;0.018632237
1115;0;1;0.470833548;0.621917464
1116;0;1;0.141462349;0.078218956
1117;0;1;0.099382614;0.65995712
1118;0;0;0.290351454;0.729327719
1119;0;1;0.245475998;0.070688049
1120;0;0;0.722559324;0.595424257
1121;0;1;0.536274554;0.090797903
1122;0;0;0.299001173;0.903877213
1123;0;1;0.19970041;0.742082617
1124;1;0;0.910177064;0.368990367
1125;0;1;0.032971205;0.430677117
1126;0;1;0.596324425;0.35028917
1127;0;1;0.150905009;0.023130124
1128;0;0;0.577648263;0.336816132
1129;0;0;0.454476653;0.370525331
1130;0;0;0.493808774;0.168941826
1131;0;0;0.52620712;0.660289176
1132;0;1;0.38301289;0.598364593
1133;0;0;0.928897896;0.138477681
1134;0;0;0.433417851;0.119223108
1135;0;0;0.244762478;0.519206712
1136;0;0;0.876257272;0.689909309
1137;0;0;0.182659918;0.260044681
1138;0;0;0.090323754;0.429477599
1139;0;1;0.23915987;0.918895782
1140;1;1;0.86143049;0.780751554
1141;0;0;0.832555508;0.582434191
1142;0;0;0.362912646;0.893974649
1143;0;0;0.187907136;0.720374052
1144;0;1;0.768745967;0.338625694
1145;0;0;0.440788447;0.998751057
1146;0;1;0.476709238;0.333700412
1147;0;1;0.98065696;0.862437468
1148;0;0;0.089181437;0.481445814
1149;0;0;0.097385492;0.409564046
1150;0;1;0.63566876;0.25507905
1151;0;0;0.198538989;0.320475823
1152;0;1;0.261605151;0.945486744
1153;0;0;0.318762334;0.662678284
1154;0;1;0.869576697;0.474615682
1155;0;1;0.052088584;0.339031584
1156;0;1;0.203910854;0.807529286
1157;0;0;0.572258583;0.878708932
1158;0;0;0.036905746;0.647424156
1159;0;0;0.018092263;0.78621918
1160;0;0;0.196549722;0.921566585
1161;0;0;0.340977492;0.648286034
1162;0;0;0.283653292;0.417213677
1163;0;0;0.186334068;0.631207889
1164;1;1;0.204421713;0.003702668
1165;0;0;0.231853017;0.677430045
1166;0;1;0.40610184;0.728797588
1167;0;0;0.867169512;0.478573855
1168;1;1;0.275812621;0.150652206
1169;0;0;0.752554504;0.635426214
1170;0;1;0.340630787;0.690543497
1171;0;0;0.960103334;0.588214971
1172;0;1;0.628540931;0.165055
1173;0;1;0.845313197;0.041824817
1174;0;0;0.122283627;0.462367154
1175;0;0;0.555707332;0.168274397
1176;0;1;0.776425803;0.289797398
1177;0;0;0.259379373;0.333899395
1178;0;1;0.498980369;0.402934171
1179;0;1;0.584416747;0.587705204
1180;0;0;0.484753041;0.256302894
1181;0;0;0.608539856;0.752632673
1182;0;0;0.020863265;0.162605639
1183;0;0;0.382799843;0.633887702
1184;0;0;0.381619911;0.57785437
1185;0;0;0.067407296;0.843072307
1186;0;1;0.289226401;0.111892252
1187;0;0;0.764742906;0.171440948
1188;0;0;0.801584762;0.387805649
1189;0;1;0.204031246;0.411135312
1190;1;0;0.917860072;0.381956602
1191;0;0;0.102161068;0.014523902
1192;0;1;0.890884601;0.261534916
1193;0;1;0.513431229;0.856154616
1194;0;0;0.132781762;0.959319912
1195;0;1;0.337982318;0.247285005
1196;0;0;0.213000355;0.03078355
1197;0;1;0.828702184;0.260124561
1198;0;1;0.464334379;0.899028811
1199;0;1;0.336253481;0.966911087
1200;0;0;0.144650359;0.1133095
1201;0;0;0.868071043;0.756413193
1202;0;0;0.054322629;0.089951956
1203;0;1;0.613883085;0.140876299
1204;0;1;0.785630305;0.481771797
1205;0;1;0.579446655;0.676956048
1206;0;1;0.527169481;0.985664875
1207;0;1;0.410513414;0.127168807
1208;0;1;0.730523159;0.92250078
1209;0;1;0.883600061;0.555134221
1210;0;0;0.114475055;0.572697895
1211;0;1;0.324147744;0.891074341
1212;0;0;0.366757013;0.256899789
1213;0;1;0.253948568;0.966413114
1214;0;0;0.120749428;0.979451958
1215;0;0;0.582967506;0.624913282
1216;0;0;0.203434875;0.40730183
1217;0;1;0.579752319;0.78049138
1218;0;1;0.59064794;0.18635067
1219;0;0;0.977186664;0.26447013
1220;0;1;0.246125195;0.087315915
1221;0;0;0.477242195;0.221211991
1222;0;1;0.160246446;0.279600743
1223;0;0;0.789168702;0.208089957
1224;0;1;0.095747642;0.952351575
1225;0;1;0.48240387;0.896842772
1226;0;0;0.075754487;0.861203726
1227;0;0;0.937549793;0.094145044
1228;0;0;0.194110537;0.71141675
1229;0;0;0.714578813;0.207880337
1230;0;1;0.955790692;0.050832701
1231;0;1;0.741858071;0.927849627
1232;0;0;0.25603027;0.392988628
1233;0;0;0.61253227;0.684387414
1234;0;0;0.132818012;0.862539172
1235;0;0;0.180193235;0.056240941
1236;0;0;0.079935518;0.376854222
1237;0;1;0.271181136;0.594345493
1238;0;0;0.4401284;0.247611921
1239;0;0;0.711458233;0.342241606
1240;0;0;0.346787971;0.520767794
1241;0;1;0.150468136;0.795389411
1242;0;0;0.599506255;0.239070263
1243;0;1;0.890618328;0.122022249
1244;0;0;0.388700943;0.361404055
1245;0;0;0.098134113;0.924914179
1246;0;1;0.807211842;0.991690569
1247;0;1;0.118084281;0.588645044
1248;0;1;0.764265555;0.709186567
1249;0;1;0.126254326;0.966245763
1250;0;1;0.854531788;0.894128301
1251;0;0;0.536768707;0.354800454
1252;0;0;0.59619175;0.519727685
1253;0;0;0.863054233;0.531628875
1254;0;1;0.867438184;0.324357228
1255;0;1;0.059093283;0.273691712
1256;0;0;0.469489692;0.937829532
1257;0;0;0.342481704;0.565033575
1258;0;0;0.824570669;0.068710022
1259;0;1;0.529290451;0.422959146
1260;0;1;0.4372356;0.92910863
1261;0;0;0.05642579;0.384970222
1262;0;0;0.247774576;0.412249903
1263;0;1;0.398086348;0.731121164
1264;0;0;0.111213281;0.001254296
1265;0;1;0.42162257;0.712606545
1266;0;0;0.239189232;0.192397444
1267;0;0;0.850532292;0.014923914
1268;0;1;0.22702517;0.33947677
1269;0;1;0.747712325;0.036345563
1270;0;0;0.717718615;0.976661436
1271;0;0;0.095164871;0.721812329
1272;0;0;0.479224726;0.468520385
1273;0;0;0.12714205;0.057908962
1274;0;1;0.264237005;0.068927153
1275;1;1;0.227041789;0.846869218
1276;0;1;0.18450321;0.387105527
1277;0;1;0.017255964;0.530260157
1278;0;0;0.281633919;0.183787841
1279;0;1;0.121039895;0.455626098
1280;0;1;0.406425644;0.057741749
1281;0;1;0.789167857;0.048277927
1282;0;0;0.105868489;0.251966297
1283;1;1;0.341594617;0.251235501
1284;0;0;0.333594425;0.031715054
1285;0;1;0.774401937;0.788324029
1286;0;1;0.537167158;0.996361805
1287;0;0;0.787171488;0.864577629
1288;0;0;0.797589225;0.609588519
1289;0;1;0.223905895;0.105872784
1290;0;0;0.466157538;0.734037317
1291;0;0;0.322343966;0.811631218
1292;0;0;0.54453003;0.124777175
1293;0;1;0.971569425;0.862512546
1294;0;1;0.149301019;0.902454942
1295;0;0;0.36368281;0.046288622
1296;0;0;0.787106834;0.69920956
1297;0;1;0.586609132;0.35036163
1298;0;0;0.539789478;0.173961269
1299;0;0;0.873886009;0.546021988
1300;0;0;0.769426585;0.457101816
1301;0;0;0.4508375;0.379365042
1302;0;1;0.939054067;0.344713974
1303;0;0;0.558589053;0.247539758
1304;0;0;0.571000125;0.900900797
1305;0;1;0.10730912;0.668370213
1306;0;1;0.388762211;0.435003696
1307;0;1;0.977478005;0.599006049
1308;0;0;0.221451952;0.86109006
1309;0;1;0.220063264;0.987963489
1310;0;1;0.282170991;0.501505577
1311;0;0;0.119221175;0.263320409
1312;0;0;0.180133661;0.382403031
1313;0;0;0.284447417;0.548405606
1314;0;1;0.644275576;0.458355642
1315;0;1;0.960355027;0.176780154
1316;0;1;0.07109499;0.194230885
1317;0;1;0.03791847;0.19061488
1318;0;0;0.040460941;0.309242689
1319;0;0;0.416924799;0.39395822
1320;0;1;0.252264144;0.081369559
1321;0;0;0.108593236;0.75265523
1322;0;1;0.860879449;0.335645364
1323;0;0;0.151392417;0.923703921
1324;0;1;0.548879792;0.357597754
1325;0;0;0.510724523;0.352957155
1326;0;0;0.310565027;0.413683121
1327;0;1;0.682977761;0.213477822
1328;0;0;0.748439821;0.993778959
1329;0;0;0.952518457;0.602720889
1330;1;0;0.362614568;0.557713209
1331;0;1;0.34629353;0.893991519
1332;0;0;0.454230331;0.069730199
1333;0;1;0.668704697;0.78196475
1334;0;0;0.529091748;0.823618542
1335;0;0;0.002821188;0.487648944
1336;0;1;0.861873356;0.38666547
1337;0;1;0.55688567;0.053936281
1338;0;1;0.901919867;0.92063747
1339;0;1;0.95032597;0.254559968
1340;1;1;0.900168322;0.521439996
1341;0;0;0.693946446;0.82305167
1342;0;0;0.836223876;0.945947339
1343;0;0;0.46318871;0.846984746
1344;0;1;0.629099685;0.493127718
1345;0;0;0.439100827;0.111786963
1346;0;0;0.969921131;0.293689169
1347;0;0;0.279548889;0.569454809
1348;0;0;0.979468784;0.976074694
1349;0;0;0.682925201;0.256749568
1350;0;1;0.908006114;0.085951801
1351;0;1;0.669978886;0.978054681
1352;0;0;0.413064609;0.664543886
1353;0;0;0.931386238;0.588428257
1354;0;0;0.149158933;0.164455681
1355;0;0;0.017021661;0.099389103
1356;0;0;0.576500849;0.883559764
1357;0;1;0.508741041;0.685614707
1358;0;1;0.289366539;0.670378891
1359;0;0;0.276402591;0.315664876
1360;0;0;0.608338379;0.333926117
1361;0;1;0.390518136;0.358517592
1362;0;1;0.290983642;0.138661983
1363;0;1;0.385935724;0.620781404
1364;0;0;0.821542626;0.81291785
1365;0;0;0.232980051;0.874815352
1366;1;1;0.985718145;0.143436588
1367;0;0;0.615445852;0.167827769
1368;0;1;0.832475732;0.21849939
1369;0;0;0.236615931;0.994066485
1370;0;0;0.770901343;0.658312736
1371;0;1;0.058773553;0.821785141
1372;0;0;0.514899646;0.773454452
1373;0;0;0.861012595;0.036470234
1374;0;0;0.985402142;0.043172329
1375;0;0;0.396762261;0.056243818
1376;0;1;0.468283585;0.576228643
1377;0;1;0.420655518;0.482910368
1378;0;1;0.915634845;0.122671921
1379;0;1;0.482314377;0.397473322
1380;0;0;0.942408323;0.26049222
1381;0;1;0.124178858;0.65081538
1382;0;1;0.56370794;0.905314001
1383;0;1;0.731236714;0.740128894
1384;0;0;0.000570522;0.841717121
1385;0;0;0.628355585;0.044239913
1386;0;0;0.370726246;0.423272798
1387;0;0;0.085761875;0.873939547
1388;0;0;0.676196757;0.17536434
1389;0;1;0.609157746;0.348761594
1390;1;1;0.096099101;0.62184478
1391;0;1;0.398904707;0.421700003
1392;0;1;0.098321768;0.94332592
1393;0;0;0.794567694;0.995232501
1394;0;0;0.624536444;0.817571544
1395;0;1;0.405014414;0.900978484
1396;0;1;0.00258728;0.655842518
1397;0;0;0.608580403;0.403636518
1398;0;1;0.592336925;0.530170097
1399;0;1;0.910157453;0.502481022
1400;0;0;0.393951012;0.85531147
1401;0;1;0.964200277;0.254033629
1402;0;0;0.25509398;0.820412443
1403;0;1;0.140771796;0.36436475
1404;0;1;0.525254424;0.790820953
1405;0;0;0.454066656;0.909833827
1406;0;0;0.521722374;0.238349353
1407;0;1;0.0856974;0.723215071
1408;0;0;0.597549495;0.003577045
1409;0;0;0.683515642;0.763899972
1410;0;0;0.549356435;0.285341114
1411;0;0;0.620225468;0.340382556
1412;0;0;0.296236181;0.903062143
1413;0;0;0.284499723;0.87757976
1414;0;0;0.601982762;0.424540334
1415;0;1;0.16767212;0.816479665
1416;0;0;0.917387139;0.261721107
1417;1;1;0.990910423;0.584187323
1418;0;1;0.747668365;0.020906129
1419;0;0;0.492538609;0.396098192
1420;1;1;0.932809803;0.27279806
1421;0;0;0.617038996;0.20278835
1422;0;1;0.391704063;0.209498702
1423;0;1;0.196377993;0.116892941
1424;0;1;0.720078878;0.271998737
1425;0;0;0.934172073;0.088926021
1426;0;0;0.692643887;0.534628008
1427;0;0;0.88858093;0.270209173
1428;0;0;0.228665867;0.407377195
1429;0;1;0.54656895;0.682664666
1430;0;0;0.206999192;0.896620371
1431;0;1;0.537049782;0.302601492
1432;0;0;0.969277777;0.058932492
1433;0;1;0.803233907;0.759059209
1434;0;0;0.204046824;0.067656901
1435;0;0;0.400646861;0.611802558
1436;0;1;0.829124876;0.136291229
1437;0;0;0.441127017;0.239740302
1438;0;1;0.395053243;0.488389726
1439;0;1;0.030888692;0.539585509
1440;0;1;0.135866106;0.985135596
1441;0;0;0.677184424;0.602988836
1442;1;1;0.062488067;0.914623312
1443;0;0;0.997538214;0.236143617
1444;0;0;0.113849017;0.352573911
1445;0;1;0.625332501;0.963099833
1446;0;1;0.025586556;0.218065007
1447;0;0;0.108309605;0.87276687
1448;0;0;0.454083356;0.896900302
1449;0;0;0.800191444;0.390888019
1450;0;0;0.834824217;0.620963824
1451;0;1;0.724687711;0.674278995
1452;0;1;0.282821521;0.337790175
1453;0;0;0.642902703;0.932121962
1454;0;0;0.958785881;0.484986193
1455;0;1;0.537109045;0.486794
1456;0;1;0.431453318;0.88244506
1457;0;0;0.72411874;0.481274439
1458;0;1;0.174124129;0.457926974
1459;0;0;0.320324381;0.027769605
1460;0;0;0.387977738;0.580214267
1461;0;1;0.054493907;0.494763478
1462;0;0;0.277924564;0.782424763
1463;0;0;0.715453787;0.523702485
1464;0;1;0.328546082;0.293860214
1465;0;0;0.601455149;0.125058113
1466;0;0;0.523920817;0.021355139
1467;0;0;0.860549128;0.501787527
1468;0;0;0.532769264;0.491354805
1469;0;1;0.111421905;0.188444575
1470;0;1;0.775893482;0.889199612
1471;1;0;0.062939797;0.748904407
1472;0;0;0.705285268;0.431057837
1473;1;1;0.04925588;0.501952701
1474;0;1;0.781316659;0.746659067
1475;0;0;0.784139263;0.428153117
1476;0;0;0.55257574;0.291901501
1477;0;0;0.855108406;0.649466096
1478;0;1;0.209872045;0.179455537
1479;0;0;0.23005525;0.17034544
1480;0;1;0.673410431;0.66898267
1481;0;1;0.44478336;0.356794105
1482;0;0;0.660065345;0.350130353
1483;0;0;0.077821894;0.62350934
1484;0;0;0.343248273;0.800211045
1485;0;0;0.8074548;0.23908422
1486;0;1;0.348975355;0.829709096
1487;0;0;0.052082401;0.666208144
1488;0;1;0.863282801;0.340671271
1489;0;1;0.556919454;0.232583552
1490;0;0;0.909955336;0.540148674
1491;0;1;0.761296632;0.510674782
1492;0;0;0.545541843;0.821410999
1493;0;0;0.477882003;0.713971173
1494;0;1;0.347431353;0.927799327
1495;0;1;0.568207804;0.096104126
1496;0;0;0.950769187;0.345741792
1497;0;1;0.26137901;0.723214431
1498;0;1;0.106805441;0.314518102
1499;0;1;0.25375792;0.854052755
1500;0;1;0.180903868;0.375918091
